{
  "phase1": {
    "accuracy": [
      0.9033742547035217,
      0.933282196521759,
      0.9378834366798401,
      0.9467024803161621,
      0.9438266754150391,
      0.9461272954940796,
      0.9472776055335999,
      0.9520705342292786,
      0.959930956363678,
      0.9545629024505615
    ],
    "loss": [
      0.21758955717086792,
      0.16062743961811066,
      0.14882080256938934,
      0.1311844140291214,
      0.13774313032627106,
      0.12928247451782227,
      0.1285347044467926,
      0.11968153715133667,
      0.10205052047967911,
      0.10756269097328186
    ],
    "val_accuracy": [
      0.8653846383094788,
      0.8830128312110901,
      0.8477563858032227,
      0.8557692170143127,
      0.8974359035491943,
      0.8862179517745972,
      0.8862179517745972,
      0.8958333134651184,
      0.8894230723381042,
      0.9054487347602844
    ],
    "val_loss": [
      0.36692503094673157,
      0.28452587127685547,
      0.3518744707107544,
      0.38584110140800476,
      0.2358616143465042,
      0.28434956073760986,
      0.2749776244163513,
      0.28043466806411743,
      0.2595091164112091,
      0.2516319155693054
    ],
    "learning_rate": [
      0.0010000000474974513,
      0.0010000000474974513,
      0.0010000000474974513,
      0.0010000000474974513,
      0.0010000000474974513,
      0.0010000000474974513,
      0.0010000000474974513,
      0.0010000000474974513,
      0.0005000000237487257,
      0.0005000000237487257
    ]
  },
  "phase2": {
    "accuracy": [
      0.8874616622924805,
      0.9248466491699219,
      0.9350076913833618,
      0.9376916885375977,
      0.9455521702766418,
      0.9482361674308777,
      0.9503450989723206,
      0.9591640830039978,
      0.953987717628479,
      0.9562883377075195,
      0.95820552110672,
      0.9574386477470398,
      0.9616564512252808,
      0.9649156332015991,
      0.9601227045059204,
      0.9677914381027222,
      0.9647239446640015,
      0.9712423086166382,
      0.9699003100395203,
      0.9660659432411194
    ],
    "loss": [
      0.271746426820755,
      0.18571539223194122,
      0.16257163882255554,
      0.15151578187942505,
      0.13231350481510162,
      0.12968164682388306,
      0.12442775815725327,
      0.10428863018751144,
      0.11831177026033401,
      0.10824356973171234,
      0.10604052990674973,
      0.10739191621541977,
      0.0935065969824791,
      0.09097953140735626,
      0.09449458122253418,
      0.08378732949495316,
      0.08431822806596756,
      0.07347594201564789,
      0.07839174568653107,
      0.08559925854206085
    ],
    "val_accuracy": [
      0.8237179517745972,
      0.8060897588729858,
      0.8413461446762085,
      0.8429487347602844,
      0.8605769276618958,
      0.8637820482254028,
      0.8685897588729858,
      0.8685897588729858,
      0.8717948794364929,
      0.8717948794364929,
      0.8685897588729858,
      0.8766025900840759,
      0.875,
      0.8878205418586731,
      0.8846153616905212,
      0.8974359035491943,
      0.8894230723381042,
      0.8990384340286255,
      0.8958333134651184,
      0.8894230723381042
    ],
    "val_loss": [
      0.5269457697868347,
      0.6621597409248352,
      0.5574435591697693,
      0.5882808566093445,
      0.5002787709236145,
      0.45559823513031006,
      0.3826825022697449,
      0.3803164064884186,
      0.33249223232269287,
      0.33553841710090637,
      0.33238688111305237,
      0.34043335914611816,
      0.3218213617801666,
      0.304922878742218,
      0.29763540625572205,
      0.28575411438941956,
      0.2941141426563263,
      0.29057246446609497,
      0.2951226234436035,
      0.2976718842983246
    ],
    "learning_rate": [
      9.999999747378752e-06,
      9.999999747378752e-06,
      9.999999747378752e-06,
      9.999999747378752e-06,
      4.999999873689376e-06,
      4.999999873689376e-06,
      4.999999873689376e-06,
      4.999999873689376e-06,
      4.999999873689376e-06,
      4.999999873689376e-06,
      4.999999873689376e-06,
      4.999999873689376e-06,
      4.999999873689376e-06,
      4.999999873689376e-06,
      4.999999873689376e-06,
      4.999999873689376e-06,
      4.999999873689376e-06,
      4.999999873689376e-06,
      4.999999873689376e-06,
      2.499999936844688e-06
    ]
  }
}