{
  "phase1": {
    "accuracy": [
      0.9085506200790405,
      0.9282975196838379,
      0.931556761264801,
      0.9472776055335999,
      0.9478527903556824,
      0.9499616622924805,
      0.9511119723320007,
      0.959930956363678,
      0.9591640830039978
    ],
    "loss": [
      0.21904751658439636,
      0.16279710829257965,
      0.1555843949317932,
      0.13080953061580658,
      0.1268540769815445,
      0.12496393918991089,
      0.12527528405189514,
      0.10238739848136902,
      0.10379666090011597
    ],
    "val_accuracy": [
      0.8846153616905212,
      0.8557692170143127,
      0.8846153616905212,
      0.9134615659713745,
      0.8990384340286255,
      0.8974359035491943,
      0.8910256624221802,
      0.8958333134651184,
      0.9022436141967773
    ],
    "val_loss": [
      0.26194652915000916,
      0.32018065452575684,
      0.2805897295475006,
      0.2329491376876831,
      0.26634296774864197,
      0.23779910802841187,
      0.25417429208755493,
      0.27516594529151917,
      0.264755517244339
    ],
    "learning_rate": [
      0.0010000000474974513,
      0.0010000000474974513,
      0.0010000000474974513,
      0.0010000000474974513,
      0.0010000000474974513,
      0.0010000000474974513,
      0.0010000000474974513,
      0.0005000000237487257,
      0.0005000000237487257
    ]
  },
  "phase2": {
    "accuracy": [
      0.8935966491699219,
      0.91679447889328,
      0.9327070713043213,
      0.9394171833992004,
      0.9478527903556824,
      0.9455521702766418,
      0.9503450989723206,
      0.956480085849762,
      0.9612730145454407,
      0.9601227045059204,
      0.9651073813438416,
      0.9651073813438416,
      0.9593558311462402,
      0.9689416885375977,
      0.9693251252174377,
      0.9718174934387207,
      0.9708588719367981
    ],
    "loss": [
      0.29688531160354614,
      0.2075466364622116,
      0.17141301929950714,
      0.1498834639787674,
      0.12556912004947662,
      0.1302536278963089,
      0.11917347460985184,
      0.11209867894649506,
      0.10190102458000183,
      0.10284019261598587,
      0.09313978254795074,
      0.09033887833356857,
      0.09672097861766815,
      0.08217640221118927,
      0.07944998890161514,
      0.07516313344240189,
      0.07510336488485336
    ],
    "val_accuracy": [
      0.7371794581413269,
      0.8397436141967773,
      0.817307710647583,
      0.8637820482254028,
      0.8685897588729858,
      0.8766025900840759,
      0.8846153616905212,
      0.8878205418586731,
      0.8862179517745972,
      0.8669871687889099,
      0.8942307829856873,
      0.8942307829856873,
      0.8926281929016113,
      0.8974359035491943,
      0.8894230723381042,
      0.8926281929016113,
      0.8862179517745972
    ],
    "val_loss": [
      1.0414763689041138,
      0.5139249563217163,
      0.6337115168571472,
      0.4665301740169525,
      0.39290839433670044,
      0.3169897198677063,
      0.2995717525482178,
      0.30398255586624146,
      0.3153833746910095,
      0.34563541412353516,
      0.29808109998703003,
      0.2891111671924591,
      0.291515052318573,
      0.2896164059638977,
      0.29826223850250244,
      0.28972071409225464,
      0.29811960458755493
    ],
    "learning_rate": [
      9.999999747378752e-06,
      9.999999747378752e-06,
      9.999999747378752e-06,
      9.999999747378752e-06,
      9.999999747378752e-06,
      9.999999747378752e-06,
      9.999999747378752e-06,
      9.999999747378752e-06,
      9.999999747378752e-06,
      9.999999747378752e-06,
      4.999999873689376e-06,
      4.999999873689376e-06,
      4.999999873689376e-06,
      4.999999873689376e-06,
      4.999999873689376e-06,
      2.499999936844688e-06,
      2.499999936844688e-06
    ]
  }
}